Team,Player
ATL, Horford
ATL, Korver
ATL, Smith
ATL, Harris
ATL, Williams
ATL, Teague
ATL, Johnson
ATL, Pachulia
ATL, Mack
ATL, Morrow
ATL, Jenkins
ATL, Stevenson
ATL, Scott
ATL, Tolliver
ATL, Pargo
ATL, Jones
ATL, Petro
ATL, Tyler
BRK, Lopez
BRK, Johnson
BRK, Williams
BRK, Blatche
BRK, Wallace
BRK, Evans
BRK, Shengelia
BRK, Stackhouse
BRK, Brooks
BRK, Watson
BRK, Humphries
BRK, Teletovic
BRK, Joseph
BRK, Bogans
BRK, Childress
BRK, Taylor
BOS, White
BOS, Varnado
BOS, Pierce
BOS, Garnett
BOS, Green
BOS, Rondo
BOS, Crawford
BOS, Terry
BOS, Barbosa
BOS, Randolph
BOS, Lee
BOS, Sullinger
BOS, Williams
BOS, Bradley
BOS, Wilcox
BOS, Bass
BOS, Collins
BOS, Melo
BOS, Milicic
BOS, Joseph
CHA, Walker
CHA, Henderson
CHA, Sessions
CHA, Kidd-Gilchrist
CHA, Adrien
CHA, Williams
CHA, McRoberts
CHA, Biyombo
CHA, Haywood
CHA, Taylor
CHA, Warrick
CHA, Gordon
CHA, Diop
CHA, Thomas
CHA, Pargo
CHA, Mullens
CHA, Higgins
CHA, Carroll
CHI, Butler
CHI, Noah
CHI, Deng
CHI, Robinson
CHI, Gibson
CHI, Hamilton
CHI, Boozer
CHI, Belinelli
CHI, Hinrich
CHI, Cook
CHI, Thomas
CHI, Mohammed
CHI, Teague
CHI, Amundson
CHI, Radmanovic
CLE, Varejao
CLE, Irving
CLE, Livingston
CLE, Jones
CLE, Miles
CLE, Ellington
CLE, Thompson
CLE, Casspi
CLE, Waiters
CLE, Pargo
CLE, Speights
CLE, Walton
CLE, Quinn
CLE, Sloan
CLE, Samuels
CLE, Gee
CLE, Zeller
CLE, Gibson
CLE, Leuer
DAL, Wright
DAL, Carter
DAL, Nowitzki
DAL, Akognon
DAL, Marion
DAL, Collison
DAL, Beaubois
DAL, Brand
DAL, Mayo
DAL, Do.Jones
DAL, Crowder
DAL, James
DAL, M.James
DAL, Kaman
DAL, Da.Jones
DAL, Fisher
DAL, Murphy
DAL, Douglas-Roberts
DAL, Morrow
DAL, Cunningham
DAL, Curry
DAL, C.Wright
DAL, Dentmon
DEN, Iguodala
DEN, Gallinari
DEN, Chandler
DEN, Faried
DEN, Lawson
DEN, McGee
DEN, A.Miller
DEN, Koufos
DEN, Brewer
DEN, Hamilton
DEN, Randolph
DEN, Fournier
DEN, Q.Miller
DEN, Stone
DEN, Mozgov
DET, Daye
DET, Drummond
DET, Monroe
DET, Prince
DET, Knight
DET, Middleton
DET, Villanueva
DET, Calderon
DET, Stuckey
DET, Kravstov
DET, Bynum
DET, Singler
DET, Jerebko
DET, Maxiell
DET, Maggette
DET, English
GSW, Thomas
GSW, Rush
GSW, Curry
GSW, Lee
GSW, Jack
GSW, Tyler
GSW, Bogut
GSW, Landry
GSW, Thompson
GSW, Jefferson
GSW, Barnes
GSW, Ezeli
GSW, Jenkins
GSW, Green
GSW, Bazemore
GSW, Biedrins
HOU, Harden
HOU, Garcia
HOU, Delfino
HOU, Beverley
HOU, Asik
HOU, Anderson
HOU, Parsons
HOU, Patterson
HOU, Smith
HOU, Jones
HOU, Lin
HOU, Douglas
HOU, Morris
HOU, Motiejunas
HOU, Robinson
HOU, Machado
HOU, Cook
HOU, Brooks
HOU, Aldrich
HOU, Ohlbrecht
IND, West
IND, George
IND, Hill
IND, Hibbert
IND, Stephenson
IND, T.Hansbrough
IND, Pendergraph
IND, Johnson
IND, Green
IND, Augustin
IND, Young
IND, Granger
IND, Mahinmi
IND, B.Hansbrough
IND, Plumlee
IND, McGuire
LAC, Paul
LAC, Crawford
LAC, Griffin
LAC, Summers
LAC, Jordan
LAC, Bledsoe
LAC, Barnes
LAC, Billups
LAC, Odom
LAC, Wayns
LAC, Butler
LAC, Green
LAC, Turiaf
LAC, Hollins
LAC, Hill
LAL, Bryant
LAL, Howard
LAL, Gasol
LAL, WorldPeace
LAL, Jamison
LAL, Nash
LAL, Meeks
LAL, Hill
LAL, Blake
LAL, Clark
LAL, Morris
LAL, Duhon
LAL, Ebanks
LAL, Sacre
LAL, Goudelock
LAL, Johnson-Odom
MEM, Conley
MEM, Johnson
MEM, Gasol
MEM, Davis
MEM, Randolph
MEM, Prince
MEM, Allen
MEM, Ellington
MEM, Gay
MEM, Pondexter
MEM, Bayless
MEM, Speights
MEM, Daye
MEM, Leuer
MEM, Arthur
MEM, Wroten
MEM, Dooling
MEM, Haddadi
MEM, Selby
MEM, Pittman
MIA, James
MIA, Wade
MIA, Bosh
MIA, Andersen
MIA, Chalmers
MIA, Allen
MIA, Battier
MIA, Anthony
MIA, Miller
MIA, Jones
MIA, Haslem
MIA, Lewis
MIA, Cole
MIA, Harris
MIA, Harrellson
MIA, Howard
MIA, Varnado
MIA, Pittman
MIL, Ayon
MIL, Dunleavy
MIL, Ellis
MIL, Sanders
MIL, Udrih
MIL, Redick
MIL, Ilyasova
MIL, Henson
MIL, Harris
MIL, Dalembert
MIL, Smith
MIL, Daniels
MIL, MbahaMoute
MIL, Udoh
MIL, Jennings
MIL, Lamb
MIL, Gooden
MIL, Przybilla
MIN, Pekovic
MIN, Kirilenko
MIN, Love
MIN, Budinger
MIN, Cunningham
MIN, Barea
MIN, Shved
MIN, Rubio
MIN, Johnson
MIN, Williams
MIN, Howard
MIN, Ridnour
MIN, Gelabale
MIN, Lee
MIN, Roy
MIN, Stiemsma
MIN, Amundson
MIN, Hayward
MIN, Conroy
NOH, Sims
NOH, Davis
NOH, Gordon
NOH, Lopez
NOH, Aminu
NOH, Anderson
NOH, Smith
NOH, Vasquez
NOH, Amundson
NOH, Roberts
NOH, Thomas
NOH, Mason
NOH, Rivers
NOH, Miller
NOH, Henry
NOH, McGuire
NOH, Warrick
NOH, Harris
NOH, Sloan
NYK, Anthony
NYK, Chandler
NYK, Stoudemire
NYK, Smith
NYK, Prigioni
NYK, Kidd
NYK, Novak
NYK, Felton
NYK, Wallace
NYK, Copeland
NYK, Martin
NYK, Shumpert
NYK, Brewer
NYK, Thomas
NYK, Camby
NYK, Barron
NYK, White
NYK, Richardson
NYK, Jones
OKC, Durant
OKC, Westbrook
OKC, Ibaka
OKC, Martin
OKC, Sefolosha
OKC, Collison
OKC, Jackson
OKC, Thabeet
OKC, Brewer
OKC, Perkins
OKC, Fisher
OKC, Maynor
OKC, Orton
OKC, Jones
OKC, Liggins
OKC, Lamb
ORL, Redick
ORL, Davis
ORL, Afflalo
ORL, Harris
ORL, Vucevic
ORL, Nelson
ORL, Nicholson
ORL, O'Quinn
ORL, Udrih
ORL, Ayon
ORL, Moore
ORL, Harkless
ORL, McRoberts
ORL, Harrington
ORL, Smith
ORL, Lamb
ORL, Jones
ORL, Turkoglu
PHI, T.Young
PHI, Holiday
PHI, Wright
PHI, Richardson
PHI, N.Young
PHI, Moultrie
PHI, Jenkins
PHI, Wilkins
PHI, Hawes
PHI, Turner
PHI, Ju.Holiday
PHI, Allen
PHI, Ivey
PHI, Brown
PHI, Pargo
PHI, Wayns
PHI, Mack
PHO, Dudley
PHO, Gortat
PHO, Dragic
PHO, Brown
PHO, O'Neal
PHO, Tucker
PHO, Scola
PHO, Haddadi
PHO, Telfair
PHO, Johnson
PHO, Beasley
PHO, Morris
PHO, Marcus.Morris
PHO, Garrett
PHO, Marshall
PHO, Zeller
POR, Aldridge
POR, Batum
POR, Lillard
POR, Matthews
POR, Hickson
POR, Maynor
POR, Smith
POR, Pavlovic
POR, Leonard
POR, Claver
POR, Babbitt
POR, Freeland
POR, Barton
POR, Jeffries
POR, Price
SAC, Douglas
SAC, Evans
SAC, Aldrich
SAC, Thomas
SAC, Outlaw
SAC, Cousins
SAC, Salmons
SAC, Thornton
SAC, Thompson
SAC, Patterson
SAC, Fredette
SAC, Hayes
SAC, Garcia
SAC, Robinson
SAC, Honeycutt
SAC, Brooks
SAC, Johnson
SAS, Duncan
SAS, Parker
SAS, Ginobili
SAS, Leonard
SAS, Splitter
SAS, Anderson
SAS, Green
SAS, Bonner
SAS, Diaw
SAS, Neal
SAS, Mills
SAS, Jackson
SAS, Joseph
SAS, Blair
SAS, DeColo
SAS, Baynes
TOR, Acy
TOR, Johnson
TOR, Gay
TOR, Lowry
TOR, DeRozan
TOR, Calderon
TOR, Telfair
TOR, Davis
TOR, Fields
TOR, Anderson
TOR, Valanciunas
TOR, Ross
TOR, Lucas
TOR, Bargnani
TOR, Pietrus
TOR, Kleiza
TOR, McGuire
TOR, Gray
UTA, Kanter
UTA, Hayward
UTA, Carroll
UTA, Evans
UTA, Millsap
UTA, Favors
UTA, Jefferson
UTA, Burks
UTA, Foye
UTA, Ma.Williams
UTA, Mo.Williams
UTA, Tinsley
UTA, Watson
UTA, Murphy
WAS, Nene
WAS, Ariza
WAS, Wall
WAS, Webster
WAS, Okafor
WAS, Crawford
WAS, Martin
WAS, Beal
WAS, Collins
WAS, Price
WAS, Temple
WAS, Booker
WAS, Singleton
WAS, Seraphin
WAS, Pargo
WAS, Vesely
WAS, Livingston
WAS, Barron
WAS, Mack
